SET SQL_MODE = "NO_AUTO_VALUE_ON_ZERO";
SET AUTOCOMMIT = 0;
START TRANSACTION;
SET time_zone = "+00:00";


/*!40101 SET @OLD_CHARACTER_SET_CLIENT=@@CHARACTER_SET_CLIENT */;
/*!40101 SET @OLD_CHARACTER_SET_RESULTS=@@CHARACTER_SET_RESULTS */;
/*!40101 SET @OLD_COLLATION_CONNECTION=@@COLLATION_CONNECTION */;
/*!40101 SET NAMES utf8mb4 */;

--
-- Database: `onlinehospitalmanagementsystem`
--

-- --------------------------------------------------------

--
-- Table structure for table `admin`
--

CREATE TABLE `admin` (
  `adminid` int(10) NOT NULL,
  `adminname` varchar(25) NOT NULL,
  `loginid` varchar(25) NOT NULL,
  `password` varchar(25) NOT NULL,
  `status` varchar(10) NOT NULL,
  `usertype` varchar(30) NOT NULL
) ENGINE=InnoDB DEFAULT CHARSET=latin1;

--
-- Dumping data for table `admin`
--

INSERT INTO `admin` (`adminid`, `adminname`, `loginid`, `password`, `status`, `usertype`) VALUES
(1, 'Alyan', 'admin', 'adminadmin', 'Active', 'Admin'),
(2, 'Irfan', 'admin1', '123456789', 'Active', 'Admin'),
(3, 'Abdullah', 'admin2', '123456789', 'Active', 'Admin'),
(4, 'Ajay', 'admin', '123456789', 'Active', 'Admin');

-- --------------------------------------------------------

--
-- Table structure for table `appointment`
--

CREATE TABLE `appointment` (
  `appointmentid` int(10) NOT NULL,
  `appointmenttype` varchar(25) NOT NULL,
  `patientid` int(10) NOT NULL,
  `departmentid` int(10) NOT NULL,
  `appointmentdate` date NOT NULL,
  `appointmenttime` time NOT NULL,
  `doctorid` int(10) NOT NULL,
  `status` varchar(10) NOT NULL,
  `app_reason` text NOT NULL
) ENGINE=InnoDB DEFAULT CHARSET=latin1;

--
-- Dumping data for table `appointment`
--

INSERT INTO `appointment` (`appointmentid`, `appointmenttype`, `patientid`,
`departmentid`, `appointmentdate`, `appointmenttime`, `doctorid`, `status`, `app_reason`) VALUES
(44, 'Online', 22, 13, '2019-03-09', '14:03:00', 41, 'Approved', ''),
(48, 'Online', 22, 0, '2019-03-25', '17:46:00', 0, 'Approved', ''),
(50, 'Offline', 7, 0, '2019-03-26', '16:05:00', 0, 'Approved', ''),
(51, 'Online', 9, 12, '2019-03-15', '15:04:00', 37, 'Approved', ''),
(53, 'Online', 0, 14, '2019-03-18', '23:58:00', 42, '', ''),
(56, 'Online', 22, 11, '2019-01-15', '00:00:00', 43, 'Approved', ''),
(57, 'Online', 0, 13, '2019-03-17', '23:58:00', 37, '', ''),
(58, 'Out Patient', 18, 14, '2019-03-24', '12:59:00', 37, 'Approved', '');

-- --------------------------------------------------------

--
-- Table structure for table `billing`
--

CREATE TABLE `billing` (
  `billingid` int(10) NOT NULL,
  `patientid` int(10) NOT NULL,
  `appointmentid` int(10) NOT NULL,
  `billingdate` date NOT NULL,
  `billingtime` time NOT NULL,
  `discount` float(10,2) NOT NULL,
  `taxamount` float(10,2) NOT NULL,
  `discountreason` text NOT NULL,
  `discharge_time` time NOT NULL,
  `discharge_date` date NOT NULL
) ENGINE=InnoDB DEFAULT CHARSET=latin1;

--
-- Dumping data for table `billing`
--

INSERT INTO `billing` (`billingid`, `patientid`, `appointmentid`, `billingdate`, `billingtime`, `discount`, `taxamount`, `discountreason`, `discharge_time`, `discharge_date`) VALUES
(5, 44, 94, '2019-03-23', '10:12:38', 0.00, 0.00, '', '00:00:00', '0000-00-00'),
(6, 45, 78, '2019-03-23', '08:21:22', 0.00, 0.00, '', '00:00:00', '0000-00-00'),
(7, 46, 95, '2019-03-23', '08:54:33', 0.00, 0.00, '', '00:00:00', '0000-00-00'),
(8, 47, 96, '2019-03-23', '08:56:38', 0.00, 0.00, '', '00:00:00', '0000-00-00'),
(9, 48, 61, '2019-03-23', '09:57:39', 0.00, 0.00, '0 , 0 ,  ,  , ', '09:48:21', '2019-03-27');

-- --------------------------------------------------------

--
-- Table structure for table `billing_records`
--

CREATE TABLE `billing_records` (
  `billingservice_id` int(10) NOT NULL,
  `billingid` int(10) NOT NULL,
  `bill_type_id` int(10) NOT NULL COMMENT 'id of service charge or treatment charge',
  `bill_type` varchar(250) NOT NULL,
  `bill_amount` float(10,2) NOT NULL,
  `bill_date` date NOT NULL,
  `status` varchar(10) NOT NULL
) ENGINE=InnoDB DEFAULT CHARSET=latin1;

--
-- Dumping data for table `billing_records`
--

INSERT INTO `billing_records` (`billingservice_id`, `billingid`, `bill_type_id`, `bill_type`, `bill_amount`, `bill_date`, `status`) VALUES
(2, 6, 0, 'Consultancy Charge', 690.00, '2019-03-23', 'Active'),
(3, 6, 0, 'Treatment Charge', 690.00, '2019-03-23', 'Active'),
(5, 6, 0, 'Prescription Charge', 690.00, '2019-03-23', 'Active'),
(7, 7, 0, 'Consultancy Charge', 690.00, '2019-03-23', 'Active'));

-- --------------------------------------------------------

--
-- Table structure for table `department`
--

CREATE TABLE `department` (
  `departmentid` int(10) NOT NULL,
  `departmentname` varchar(100) NOT NULL,
  `description` text NOT NULL,
  `status` varchar(10) NOT NULL
) ENGINE=InnoDB DEFAULT CHARSET=latin1;

--
-- Dumping data for table `department`
--

INSERT INTO `department` (`departmentid`, `departmentname`, `description`, `status`) VALUES
(11, 'Physician', 'All type of disease', 'Active'),
(12, 'Children doctor', 'All kinds of disease', 'Active'),
(13, 'ENT Specialist', 'Ear, Nose and Tongue Doctor', 'Active'),
(14, 'Neurologist', 'Related neurons, bones', 'Active'),
(15, 'Surgery', 'Includes plastic surgery, brain and neurology surgery', 'Active'),
(16, 'Pediatrics', 'Pediatrics doctor', 'Active'),
(17, 'Pharmacy', 'Providing patients with medicines prescribed by specialist physicians', 'Active'),
(18, 'Laboratory and Blood bank', 'Includes detailed lab investigations and blood bank are developing considerably as per international standards  ', 'Active'),
(19, 'Physiotherapy', 'Includes services to specialized clinic inpatients who are referred by hospital physicians or primary health care clinics.', 'Active');

-- --------------------------------------------------------

--
-- Table structure for table `doctor`
--

CREATE TABLE `doctor` (
  `doctorid` int(10) NOT NULL,
  `doctorname` varchar(50) NOT NULL,
  `mobileno` varchar(15) NOT NULL,
  `departmentid` int(10) NOT NULL,
  `loginid` varchar(25) NOT NULL,
  `password` varchar(25) NOT NULL,
  `status` varchar(10) NOT NULL,
  `education` varchar(25) NOT NULL,
  `experience` float(11,1) NOT NULL,
  `consultancy_charge` float(10,2) NOT NULL
) ENGINE=InnoDB DEFAULT CHARSET=latin1;

--
-- Dumping data for table `doctor`
--

INSERT INTO `doctor` (`doctorid`, `doctorname`, `mobileno`, `departmentid`, `loginid`, `password`, `status`, `education`, `experience`, `consultancy_charge`) VALUES
(35, 'Chandher', '9812453678', 11, 'doctor', '123456789', 'Active', 'MBBS,MD,IDCCM', 7.0, 700.00),
(36, 'Sandeep', '8966643980', 12, 'doctor1', '123456789', 'Active', 'MBBS,MD', 5.0, 500.00),
(37, 'Irfan', '7894561230', 13, 'doctor2', '123456789', 'Active', 'MBBS,DNB(ORTHO)', 9.0, 300.00),
(38, 'Muntaqeem', '9874561230', 14, 'doctor3', '123456789', 'Active', 'MBBS,DLO,DNB', 4.0, 200.00),
(39, 'Abdullah', '8756332456', 15, 'doctor4', '123456789', 'Active', 'MBBS,DNB', 5.0, 250.00),
(40, 'Amjad', '9876543210', 16, 'doctor5', '123456789', 'Active', 'MBBS,MD', 7.0, 150.00),
(41, 'Alyan', '8785674654', 17, 'doctor6', '123456789', 'Active', 'MBBS,DA', 5.0, 100.00),
(42, 'Usama', '9216549870', 18, 'doctor7', '123456789', 'Active', 'MBBS', 4.0, 250.00),
(43, 'Zeeshan', '9008713415', 19, 'doctor8', '123456789', 'Active', 'MBBS', 5.0, 122.00));

-- --------------------------------------------------------

--
-- Table structure for table `doctor_timings`
--

CREATE TABLE `doctor_timings` (
  `doctor_timings_id` int(10) NOT NULL,
  `doctorid` int(10) NOT NULL,
  `start_time` time NOT NULL,
  `end_time` time NOT NULL,
  `available_day` varchar(15) NOT NULL,
  `status` varchar(10) NOT NULL
) ENGINE=InnoDB DEFAULT CHARSET=latin1;

--
-- Dumping data for table `doctor_timings`
--

INSERT INTO `doctor_timings` (`doctor_timings_id`, `doctorid`, `start_time`, `end_time`, `available_day`, `status`) VALUES
(17, 35, '09:30:00', '13:00:00', '', 'Active'),
(18, 36, '13:30:00', '17:00:00', '', 'Active'),
(19, 37, '14:00:00', '18:00:00', '', 'Active'),
(20, 38, '17:00:00', '21:00:00', '', 'Active'),
(21, 39, '13:00:00', '19:00:00', '', 'Active'),
(22, 40, '07:00:00', '11:00:00', '', 'Active'),
(23, 41, '13:30:00', '16:30:00', '', 'Active'),
(24, 42, '11:30:00', '14:30:00', '', 'Active'),
(25, 43, '12:30:00', '16:30:00', '', 'Active');

-- --------------------------------------------------------

--
-- Table structure for table `medicine`
--

CREATE TABLE `medicine` (
  `medicineid` int(10) NOT NULL,
  `medicinename` varchar(25) NOT NULL,
  `medicinecost` float(10,2) NOT NULL,
  `description` text NOT NULL,
  `status` varchar(10) NOT NULL
) ENGINE=InnoDB DEFAULT CHARSET=latin1;

--
-- Dumping data for table `medicine`
--

INSERT INTO `medicine` (`medicineid`, `medicinename`, `medicinecost`, `description`, `status`) VALUES
(1, 'Panadol', 20.00, 'test abc', 'Active'),
(3, 'Brufin', 25.00, 'test abc', 'Active'),
(4, 'Risek', 50.00, 'test abc', 'Active'),
(5, 'Colpol', 30.00, 'test abc', 'Active'),
(6, 'Ibrol', 50.00, 'hnghng', 'Active');

-- --------------------------------------------------------

--
-- Table structure for table `patient`
--

CREATE TABLE `patient` (
  `patientid` int(10) NOT NULL,
  `patientname` varchar(50) NOT NULL,
  `admissiondate` date NOT NULL,
  `admissiontime` time NOT NULL,
  `address` varchar(250) NOT NULL,
  `mobileno` varchar(15) NOT NULL,
  `city` varchar(25) NOT NULL,
  `pincode` varchar(20) NOT NULL,
  `loginid` varchar(50) NOT NULL,
  `password` varchar(25) NOT NULL,
  `bloodgroup` varchar(20) NOT NULL,
  `gender` varchar(10) NOT NULL,
  `dob` date NOT NULL,
  `status` varchar(10) NOT NULL
) ENGINE=InnoDB DEFAULT CHARSET=latin1;

--
-- Dumping data for table `patient`
--

INSERT INTO `patient` (`patientid`, `patientname`, `admissiondate`, `admissiontime`, `address`, `mobileno`, `city`, `pincode`, `loginid`, `password`, `bloodgroup`, `gender`, `dob`, `status`) VALUES
(7, 'Shehzad', '2019-02-10', '12:00:00', ' Karachi', '98732230', 'belthangady', '542752', '14', '123456789', 'B+', 'FEMALE', '1990-02-08', 'Active'),
(9, 'Faizan', '2019-01-14', '12:30:00', ' Karachi', '8785674625', 'Banglore', '564892', '15', '123456789', 'O+', 'MALE', '1994-05-11', 'Active'),
(22, 'Touseef', '2019-03-18', '01:21:00', '  Karachi', '8756332456', 'Banglore', '577234', 'shricharanalva971', 'shricharanalva97', 'B+', 'FEMALE', '2016-03-10', 'Active'),
(23, 'Adnan', '2019-03-02', '05:07:00', ' Karachi', '9449443117', 'Hosadurga', '577527', '13', '123456789', 'B+', 'MALE', '1963-06-01', 'Active'));

-- --------------------------------------------------------

--
-- Table structure for table `payment`
--

CREATE TABLE `payment` (
  `paymentid` int(10) NOT NULL,
  `patientid` int(10) NOT NULL,
  `appointmentid` int(10) NOT NULL,
  `paiddate` date NOT NULL,
  `paidtime` time NOT NULL,
  `paidamount` float(10,2) NOT NULL,
  `status` varchar(10) NOT NULL,
  `cardholder` varchar(50) NOT NULL,
  `cardnumber` int(25) NOT NULL,
  `cvvno` int(5) NOT NULL,
  `expdate` date NOT NULL
) ENGINE=InnoDB DEFAULT CHARSET=latin1;

--
-- Dumping data for table `payment`
--

INSERT INTO `payment` (`paymentid`, `patientid`, `appointmentid`, `paiddate`, `paidtime`, `paidamount`, `status`, `cardholder`, `cardnumber`, `cvvno`, `expdate`) VALUES
(12, 48, 97, '2019-03-25', '01:00:00', 2000.00, '', '', 0, 0, '0000-00-00'),
(16, 48, 97, '2019-03-25', '01:00:00', 2000.00, '', '', 0, 0, '0000-00-00'),
(17, 48, 97, '2019-03-25', '01:00:00', 100.00, '', '', 0, 0, '0000-00-00'),
(18, 48, 97, '2019-03-25', '01:00:00', 100.00, '', '', 0, 0, '0000-00-00'),
(19, 48, 97, '2019-03-25', '10:00:00', 100.00, '', '', 0, 0, '0000-00-00'),
(20, 48, 97, '2019-03-25', '10:00:00', 100.00, '', '', 0, 0, '0000-00-00');

-- --------------------------------------------------------

--
-- Table structure for table `prescription`
--

CREATE TABLE `prescription` (
  `prescriptionid` int(10) NOT NULL,
  `treatment_records_id` int(10) NOT NULL,
  `doctorid` int(10) NOT NULL,
  `patientid` int(10) NOT NULL,
  `prescriptiondate` date NOT NULL,
  `status` varchar(10) NOT NULL,
  `appointmentid` int(10) NOT NULL
) ENGINE=InnoDB DEFAULT CHARSET=latin1;

--
-- Dumping data for table `prescription`
--

INSERT INTO `prescription` (`prescriptionid`, `treatment_records_id`, `doctorid`, `patientid`, `prescriptiondate`, `status`, `appointmentid`) VALUES
(15, 0, 35, 7, '2019-08-14', 'Active', 0),
(16, 0, 36, 9, '2019-01-08', 'Active', 0),
(17, 0, 37, 22, '2019-11-14', 'Active', 0),
(18, 0, 38, 23, '2019-02-27', 'Active', 0);

-- --------------------------------------------------------

--
-- Table structure for table `prescription_records`
--

CREATE TABLE `prescription_records` (
  `prescription_record_id` int(10) NOT NULL,
  `prescription_id` int(10) NOT NULL,
  `medicine_name` varchar(25) NOT NULL,
  `cost` float(10,2) NOT NULL,
  `unit` int(10) NOT NULL,
  `dosage` varchar(25) NOT NULL,
  `status` varchar(10) NOT NULL
) ENGINE=InnoDB DEFAULT CHARSET=latin1;

--
-- Dumping data for table `prescription_records`
--

INSERT INTO `prescription_records` (`prescription_record_id`, `prescription_id`, `medicine_name`, `cost`, `unit`, `dosage`, `status`) VALUES
(26, 15, 'Arthopan', 30.00, 10, '1-0-1', 'Active'),
(27, 16, 'Ecospirin', 11.00, 10, '1-1-1', 'Active'),
(28, 17, 'Dolo-60', 15.00, 5, '0-0-1', 'Active'),
(29, 18, 'Fenon-650', 500.00, 20, '0-1-1', 'Active'),
(30, 19, 'Rantac', 10.00, 10, '0-1-0', 'Active');


-- --------------------------------------------------------

--
-- Table structure for table `treatment`
--

CREATE TABLE `treatment` (
  `treatmentid` int(10) NOT NULL,
  `treatmenttype` varchar(25) NOT NULL,
  `treatment_cost` decimal(10,2) NOT NULL,
  `note` text NOT NULL,
  `status` varchar(10) NOT NULL
) ENGINE=InnoDB DEFAULT CHARSET=latin1;

--
-- Dumping data for table `treatment`
--

INSERT INTO `treatment` (`treatmentid`, `treatmenttype`, `treatment_cost`, `note`, `status`) VALUES
(13, 'Treatment for Malaria', '450.00', ' Providing medicine and tonic with injection  ', 'Active'),
(14, 'Treatment for Dengue', '20000.00', ' Providing massage and home made tips', 'Active'));

-- --------------------------------------------------------

--
-- Table structure for table `treatment_records`
--

CREATE TABLE `treatment_records` (
  `treatment_records_id` int(10) NOT NULL,
  `treatmentid` int(10) NOT NULL,
  `appointmentid` int(10) NOT NULL,
  `patientid` int(10) NOT NULL,
  `doctorid` int(10) NOT NULL,
  `treatment_description` text NOT NULL,
  `uploads` varchar(100) NOT NULL,
  `treatment_date` date NOT NULL,
  `treatment_time` time NOT NULL,
  `status` varchar(10) NOT NULL
) ENGINE=InnoDB DEFAULT CHARSET=latin1;

--
-- Dumping data for table `treatment_records`
--

INSERT INTO `treatment_records` (`treatment_records_id`, `treatmentid`, `appointmentid`, `patientid`, `doctorid`, `treatment_description`, `uploads`, `treatment_date`, `treatment_time`, `status`) VALUES
(10, 44, 13, 22, 61, 'High Fever', 'nill', '2019-03-02', '00:00:16', 'Active'),
(12, 44, 13, 7, 35, 'detecting disease', '-', '2019-03-10', '00:00:13', 'Active')
-- --------------------------------------------------------

--
-- Indexes for dumped tables
--

--
-- Indexes for table `admin`
--
ALTER TABLE `admin`
  ADD PRIMARY KEY (`adminid`),
  ADD UNIQUE KEY `adminname` (`adminname`);

--
-- Indexes for table `appointment`
--
ALTER TABLE `appointment`
  ADD PRIMARY KEY (`appointmentid`);

--
-- Indexes for table `billing`
--
ALTER TABLE `billing`
  ADD PRIMARY KEY (`billingid`);

--
-- Indexes for table `billing_records`
--
ALTER TABLE `billing_records`
  ADD PRIMARY KEY (`billingservice_id`);

--
-- Indexes for table `department`
--
ALTER TABLE `department`
  ADD PRIMARY KEY (`departmentid`);

--
-- Indexes for table `doctor`
--
ALTER TABLE `doctor`
  ADD PRIMARY KEY (`doctorid`);

--
-- Indexes for table `doctor_timings`
--
ALTER TABLE `doctor_timings`
  ADD PRIMARY KEY (`doctor_timings_id`);

--
-- Indexes for table `medicine`
--
ALTER TABLE `medicine`
  ADD PRIMARY KEY (`medicineid`);

--
-- Indexes for table `patient`
--
ALTER TABLE `patient`
  ADD PRIMARY KEY (`patientid`),
  ADD KEY `loginid` (`loginid`);

--
-- Indexes for table `payment`
--
ALTER TABLE `payment`
  ADD PRIMARY KEY (`paymentid`);

--
-- Indexes for table `prescription`
--
ALTER TABLE `prescription`
  ADD PRIMARY KEY (`prescriptionid`);

--
-- Indexes for table `prescription_records`
--
ALTER TABLE `prescription_records`
  ADD PRIMARY KEY (`prescription_record_id`);

--
-- Indexes for table `treatment`
--
ALTER TABLE `treatment`
  ADD PRIMARY KEY (`treatmentid`);

--
-- Indexes for table `treatment_records`
--
ALTER TABLE `treatment_records`
  ADD PRIMARY KEY (`treatment_records_id`);

--
-- AUTO_INCREMENT for dumped tables
--

--
-- AUTO_INCREMENT for table `admin`
--
ALTER TABLE `admin`
  MODIFY `adminid` int(10) NOT NULL AUTO_INCREMENT, AUTO_INCREMENT=9;

--
-- AUTO_INCREMENT for table `appointment`
--
ALTER TABLE `appointment`
  MODIFY `appointmentid` int(10) NOT NULL AUTO_INCREMENT, AUTO_INCREMENT=121;

--
-- AUTO_INCREMENT for table `billing`
--
ALTER TABLE `billing`
  MODIFY `billingid` int(10) NOT NULL AUTO_INCREMENT, AUTO_INCREMENT=39;

--
-- AUTO_INCREMENT for table `billing_records`
--
ALTER TABLE `billing_records`
  MODIFY `billingservice_id` int(10) NOT NULL AUTO_INCREMENT, AUTO_INCREMENT=205;

--
-- AUTO_INCREMENT for table `department`
--
ALTER TABLE `department`
  MODIFY `departmentid` int(10) NOT NULL AUTO_INCREMENT, AUTO_INCREMENT=45;

--
-- AUTO_INCREMENT for table `doctor`
--
ALTER TABLE `doctor`
  MODIFY `doctorid` int(10) NOT NULL AUTO_INCREMENT, AUTO_INCREMENT=62;

--
-- AUTO_INCREMENT for table `doctor_timings`
--
ALTER TABLE `doctor_timings`
  MODIFY `doctor_timings_id` int(10) NOT NULL AUTO_INCREMENT, AUTO_INCREMENT=32;

--
-- AUTO_INCREMENT for table `medicine`
--
ALTER TABLE `medicine`
  MODIFY `medicineid` int(10) NOT NULL AUTO_INCREMENT, AUTO_INCREMENT=7;

--
-- AUTO_INCREMENT for table `patient`
--
ALTER TABLE `patient`
  MODIFY `patientid` int(10) NOT NULL AUTO_INCREMENT, AUTO_INCREMENT=58;

--
-- AUTO_INCREMENT for table `payment`
--
ALTER TABLE `payment`
  MODIFY `paymentid` int(10) NOT NULL AUTO_INCREMENT, AUTO_INCREMENT=60;

--
-- AUTO_INCREMENT for table `prescription`
--
ALTER TABLE `prescription`
  MODIFY `prescriptionid` int(10) NOT NULL AUTO_INCREMENT, AUTO_INCREMENT=100;

--
-- AUTO_INCREMENT for table `prescription_records`
--
ALTER TABLE `prescription_records`
  MODIFY `prescription_record_id` int(10) NOT NULL AUTO_INCREMENT, AUTO_INCREMENT=151;

--
-- AUTO_INCREMENT for table `treatment`
--
ALTER TABLE `treatment`
  MODIFY `treatmentid` int(10) NOT NULL AUTO_INCREMENT, AUTO_INCREMENT=20;

--
-- AUTO_INCREMENT for table `treatment_records`
--
ALTER TABLE `treatment_records`
  MODIFY `treatment_records_id` int(10) NOT NULL AUTO_INCREMENT, AUTO_INCREMENT=60;

COMMIT;

/*!40101 SET CHARACTER_SET_CLIENT=@OLD_CHARACTER_SET_CLIENT */;
/*!40101 SET CHARACTER_SET_RESULTS=@OLD_CHARACTER_SET_RESULTS */;
/*!40101 SET COLLATION_CONNECTION=@OLD_COLLATION_CONNECTION */;
